{
    "start_game": [
        [
            1732205209.301195,
            ""
        ]
    ],
    "damage": [
        [
            1732205209.301258,
            {
                "character": "f7498193-84b6-4594-b138-e10efa15430f",
                "target": "98b9b89d-f17d-441a-9957-d0e13d675082",
                "damage": 5,
                "reduced": 0,
                "dodged": 0
            }
        ],
        [
            1732205209.3013818,
            {
                "character": "98b9b89d-f17d-441a-9957-d0e13d675082",
                "target": "f7498193-84b6-4594-b138-e10efa15430f",
                "damage": 5,
                "reduced": 0,
                "dodged": 0
            }
        ]
    ],
    "turn_id": [
        [
            1732205209.3013928,
            1
        ]
    ]
}