{"enter_arena": [[1732365324.736889, {"cid": "65fb86d8-aaef-47c2-86f9-c8d327c23a14", "teamid": 1, "life": 8, "strength": 5, "armor": 3, "speed": 4, "action": "None", "target": "None", "dead": false, "arena_id": 2}], [1732365324.7393515, {"cid": "e7f165cd-4499-491f-81e5-04413e9c5433", "teamid": 2, "life": 6, "strength": 6, "armor": 5, "speed": 3, "action": "None", "target": "None", "dead": false, "arena_id": 2}], [1732365324.7414849, {"cid": "b95d023d-d2f6-412e-b63c-c6dcf5eac0e4", "teamid": 3, "life": 8, "strength": 4, "armor": 6, "speed": 2, "action": "None", "target": "None", "dead": false, "arena_id": 2}], [1732365443.530271, {"cid": "faa4c0a7-5d11-45d4-9b65-93c5cdb95865", "teamid": 1, "life": 8, "strength": 5, "armor": 3, "speed": 4, "action": "None", "target": "None", "dead": false, "arena_id": 2}], [1732365443.5315278, {"cid": "049b0132-a2a9-4430-b83b-15f5eebcea03", "teamid": 2, "life": 6, "strength": 6, "armor": 5, "speed": 3, "action": "None", "target": "None", "dead": false, "arena_id": 2}], [1732365443.5340283, {"cid": "e0817ac8-68c4-4cd3-95ba-2f929a1cd853", "teamid": 3, "life": 8, "strength": 4, "armor": 6, "speed": 2, "action": "None", "target": "None", "dead": false, "arena_id": 2}]], "gold": [[1732365324.736889, {"65fb86d8-aaef-47c2-86f9-c8d327c23a14": 0}], [1732365324.7393515, {"e7f165cd-4499-491f-81e5-04413e9c5433": 0}], [1732365324.7414849, {"b95d023d-d2f6-412e-b63c-c6dcf5eac0e4": 0}], [1732365443.530271, {"faa4c0a7-5d11-45d4-9b65-93c5cdb95865": 0}], [1732365443.5315278, {"049b0132-a2a9-4430-b83b-15f5eebcea03": 0}], [1732365443.5340283, {"e0817ac8-68c4-4cd3-95ba-2f929a1cd853": 0}]], "start_game": [[1732365325.3088424, ""]], "damage": [[1732365325.3088424, {"character": "65fb86d8-aaef-47c2-86f9-c8d327c23a14", "target": "e7f165cd-4499-491f-81e5-04413e9c5433", "damage": 3.076923076923077, "reduced": 1.923076923076923, "dodged": 0}], [1732365325.3088424, {"character": "b95d023d-d2f6-412e-b63c-c6dcf5eac0e4", "target": "65fb86d8-aaef-47c2-86f9-c8d327c23a14", "damage": 4, "reduced": 0, "dodged": 0}], [1732365525.3102193, {"character": "faa4c0a7-5d11-45d4-9b65-93c5cdb95865", "target": "049b0132-a2a9-4430-b83b-15f5eebcea03", "damage": 3.076923076923077, "reduced": 1.923076923076923, "dodged": 0}], [1732365525.3102193, {"character": "e0817ac8-68c4-4cd3-95ba-2f929a1cd853", "target": "faa4c0a7-5d11-45d4-9b65-93c5cdb95865", "damage": 4, "reduced": 0, "dodged": 0}]], "turn_id": [[1732365325.3088424, 1], [1732365525.3102193, 2]], "leave_arena": [[1732365425.3098118, {"cid": "b95d023d-d2f6-412e-b63c-c6dcf5eac0e4", "teamid": 3, "life": 8, "strength": 4, "armor": 6, "speed": 2, "action": "None", "target": "None", "dead": false, "arena_id": 2}], [1732365425.3098118, {"cid": "e7f165cd-4499-491f-81e5-04413e9c5433", "teamid": 2, "life": 2.923076923076923, "strength": 6, "armor": 5, "speed": 3, "action": "None", "target": "None", "dead": false, "arena_id": 2}], [1732365425.3098118, {"cid": "65fb86d8-aaef-47c2-86f9-c8d327c23a14", "teamid": 1, "life": 4, "strength": 5, "armor": 3, "speed": 4, "action": "None", "target": "None", "dead": false, "arena_id": 2}]]}